{
    "$schema": "https://schema.management.azure.com/schemas/2015-01-01/deploymentParameters.json#",
    "contentVersion": "1.0.0.0",
    "parameters": {
        "fwpolicy": {
            "value": {
                "firewallPolicyName": "global-fw-policy",
                "location": "northeurope",
                "ruleGroups": {
                    "name": "DefaultApplicationRuleCollectionGroup",
                    "properties": {
                        "priority": 300,
                        "rules": [
                            {
                                "name": "rule-collection-01",
                                "priority": 100,
                                "ruleType": "FirewallPolicyFilterRule",
                                "action": {
                                    "type": "Allow"
                                },
                                "ruleConditions": [                                                                        
                                    {
                                        "name": "allow-internet",
                                        "protocols": [
                                            {
                                                "protocolType": "http",
                                                "port": 80
                                            },
                                            {
                                                "protocolType": "https",
                                                "port": 443
                                            }
                                        ],
                                        "sourceAddresses": [
                                            "*"
                                        ],
                                        "targetFqdns": [
                                            "*"                                            
                                        ],
                                        "fqdnTags": [],
                                        "ruleConditionType": "ApplicationRuleCondition"
                                    }
                                ]
                            }
                        ]
                    }
                }
            }
        }
    }
}