{
    "$schema": "https://schema.management.azure.com/schemas/2019-04-01/deploymentTemplate.json#",
    "contentVersion": "1.0.0.0",
    "parameters": {
        "location": {
            "type": "string",
            "defaultValue": "[resourceGroup().location]",
            "metadata": {
                "description": "Location where all Virtual WAN resources will be created."
            }
        },
        "vwanname": {
            "type": "string",
            "metadata": {
                "description": "Name of the Virtual WAN"
            }
        }
    },
    "variables": {
        "vwansku": "Standard"
    },
    "resources": [
        {
            "type": "Microsoft.Network/virtualWans",
            "apiVersion": "2019-09-01",
            "location": "[parameters('location')]",
            "name": "[parameters('vwanname')]",
            "properties": {
                "virtualHubs": [],
                "vpnSites": [],
                "type": "[variables('vwansku')]"
            }
        }
    ]
}