{
    "$schema": "https://schema.management.azure.com/schemas/2015-01-01/deploymentTemplate.json#",
    "contentVersion": "1.0.0.0",
    "parameters": {
        "vpnSites_Onprem_1_name": {
            "defaultValue": "Onprem-1",
            "type": "String"
        },
        "virtualWans_Demo_vWAN_name": {
            "defaultValue": "Demo-vWAN",
            "type": "String"
        },
        "virtualMachines_onprem_name": {
            "defaultValue": "onprem",
            "type": "String"
        },
        "virtualMachines_vwan_1_name": {
            "defaultValue": "vwan-1",
            "type": "String"
        },
        "virtualMachines_vwan_2_name": {
            "defaultValue": "vwan-2",
            "type": "String"
        },
        "virtualMachines_vwan_3_name": {
            "defaultValue": "vwan-3",
            "type": "String"
        },
        "virtualMachines_vwan_4_name": {
            "defaultValue": "vwan-4",
            "type": "String"
        },
        "virtualHubs_Demo_WE_Hub_name": {
            "defaultValue": "Demo-WE-Hub",
            "type": "String"
        },
        "virtualNetworks_spoke_1_name": {
            "defaultValue": "spoke-1",
            "type": "String"
        },
        "virtualNetworks_spoke_2_name": {
            "defaultValue": "spoke-2",
            "type": "String"
        },
        "virtualNetworks_spoke_3_name": {
            "defaultValue": "spoke-3",
            "type": "String"
        },
        "virtualNetworks_spoke_4_name": {
            "defaultValue": "spoke-4",
            "type": "String"
        },
        "networkInterfaces_vwan_32_name": {
            "defaultValue": "vwan-32",
            "type": "String"
        },
        "firewallPolicies_Demo_vWAN_name": {
            "defaultValue": "Demo-vWAN",
            "type": "String"
        },
        "networkInterfaces_onprem601_name": {
            "defaultValue": "onprem601",
            "type": "String"
        },
        "networkInterfaces_vwan_1832_name": {
            "defaultValue": "vwan-1832",
            "type": "String"
        },
        "networkInterfaces_vwan_2403_name": {
            "defaultValue": "vwan-2403",
            "type": "String"
        },
        "networkInterfaces_vwan_4459_name": {
            "defaultValue": "vwan-4459",
            "type": "String"
        },
        "publicIPAddresses_spoke_1_ip_name": {
            "defaultValue": "spoke-1-ip",
            "type": "String"
        },
        "publicIPAddresses_spoke_2_ip_name": {
            "defaultValue": "spoke-2-ip",
            "type": "String"
        },
        "publicIPAddresses_spoke_3_ip_name": {
            "defaultValue": "spoke-3-ip",
            "type": "String"
        },
        "publicIPAddresses_spoke_4_ip_name": {
            "defaultValue": "spoke-4-ip",
            "type": "String"
        },
        "localNetworkGateways_vwan_hub_name": {
            "defaultValue": "vwan-hub",
            "type": "String"
        },
        "storageAccounts_demovwanrgdiag_name": {
            "defaultValue": "demovwanrgdiag",
            "type": "String"
        },
        "networkSecurityGroups_onprem_nsg_name": {
            "defaultValue": "onprem-nsg",
            "type": "String"
        },
        "networkSecurityGroups_vwan_1_nsg_name": {
            "defaultValue": "vwan-1-nsg",
            "type": "String"
        },
        "networkSecurityGroups_vwan_2_nsg_name": {
            "defaultValue": "vwan-2-nsg",
            "type": "String"
        },
        "networkSecurityGroups_vwan_3_nsg_name": {
            "defaultValue": "vwan-3-nsg",
            "type": "String"
        },
        "networkSecurityGroups_vwan_4_nsg_name": {
            "defaultValue": "vwan-4-nsg",
            "type": "String"
        },
        "publicIPAddresses_onprem_vm_pubip_name": {
            "defaultValue": "onprem-vm-pubip",
            "type": "String"
        },
        "storageAccounts_demonsglogsuseast_name": {
            "defaultValue": "demonsglogsuseast",
            "type": "String"
        },
        "storageAccounts_demovwanrgdiag277_name": {
            "defaultValue": "demovwanrgdiag277",
            "type": "String"
        },
        "storageAccounts_demovwanrgdiag286_name": {
            "defaultValue": "demovwanrgdiag286",
            "type": "String"
        },
        "vpnGateways_b2ff95c0bd0e4332ad91d5da9160aca8_westeurope_gw_name": {
            "defaultValue": "b2ff95c0bd0e4332ad91d5da9160aca8-westeurope-gw",
            "type": "String"
        },
        "virtualNetworks_onprem_externalid": {
            "defaultValue": "/subscriptions/0245be41-c89b-4b46-a3cc-a705c90cd1e8/resourceGroups/demoafd-rg/providers/Microsoft.Network/virtualNetworks/onprem",
            "type": "String"
        },
        "virtualNetworks_HV_Demo_WE_Hub_96e1dbca_4093_4fae_8cd9_9dafb56a3ebf_externalid": {
            "defaultValue": "/subscriptions/4cd6662f-87e7-4798-97b8-bab6a011b145/resourceGroups/RG_Demo-WE-Hub_82d87a0a-6d55-4048-aece-3f65c7ba5be6/providers/Microsoft.Network/virtualNetworks/HV_Demo-WE-Hub_96e1dbca-4093-4fae-8cd9-9dafb56a3ebf",
            "type": "String"
        }
    },
    "variables": {},
    "resources": [
        {
            "type": "Microsoft.Network/firewallPolicies",
            "apiVersion": "2019-09-01",
            "name": "[parameters('firewallPolicies_Demo_vWAN_name')]",
            "location": "westeurope",
            "properties": {
                "threatIntelMode": "Alert"
            }
        },
        {
            "type": "Microsoft.Network/localNetworkGateways",
            "apiVersion": "2019-09-01",
            "name": "[parameters('localNetworkGateways_vwan_hub_name')]",
            "location": "westeurope",
            "properties": {
                "localNetworkAddressSpace": {
                    "addressPrefixes": [
                        "172.16.1.0/24",
                        "172.16.2.0/24",
                        "172.16.3.0/24",
                        "172.16.4.0/24"
                    ]
                },
                "gatewayIpAddress": "51.137.4.84"
            }
        },
        {
            "type": "Microsoft.Network/networkSecurityGroups",
            "apiVersion": "2019-09-01",
            "name": "[parameters('networkSecurityGroups_onprem_nsg_name')]",
            "location": "northeurope",
            "properties": {
                "securityRules": [
                    {
                        "name": "RDP",
                        "properties": {
                            "protocol": "TCP",
                            "sourcePortRange": "*",
                            "destinationPortRange": "3389",
                            "sourceAddressPrefix": "*",
                            "destinationAddressPrefix": "*",
                            "access": "Allow",
                            "priority": 300,
                            "direction": "Inbound",
                            "sourcePortRanges": [],
                            "destinationPortRanges": [],
                            "sourceAddressPrefixes": [],
                            "destinationAddressPrefixes": []
                        }
                    }
                ]
            }
        },
        {
            "type": "Microsoft.Network/networkSecurityGroups",
            "apiVersion": "2019-09-01",
            "name": "[parameters('networkSecurityGroups_vwan_1_nsg_name')]",
            "location": "westeurope",
            "properties": {
                "securityRules": [
                    {
                        "name": "RDP",
                        "properties": {
                            "protocol": "TCP",
                            "sourcePortRange": "*",
                            "destinationPortRange": "3389",
                            "sourceAddressPrefix": "*",
                            "destinationAddressPrefix": "*",
                            "access": "Allow",
                            "priority": 300,
                            "direction": "Inbound",
                            "sourcePortRanges": [],
                            "destinationPortRanges": [],
                            "sourceAddressPrefixes": [],
                            "destinationAddressPrefixes": []
                        }
                    },
                    {
                        "name": "NPM",
                        "properties": {
                            "protocol": "TCP",
                            "sourcePortRange": "*",
                            "destinationPortRange": "8084",
                            "sourceAddressPrefix": "*",
                            "destinationAddressPrefix": "*",
                            "access": "Allow",
                            "priority": 310,
                            "direction": "Inbound",
                            "sourcePortRanges": [],
                            "destinationPortRanges": [],
                            "sourceAddressPrefixes": [],
                            "destinationAddressPrefixes": []
                        }
                    }
                ]
            }
        },
        {
            "type": "Microsoft.Network/networkSecurityGroups",
            "apiVersion": "2019-09-01",
            "name": "[parameters('networkSecurityGroups_vwan_2_nsg_name')]",
            "location": "westeurope",
            "properties": {
                "securityRules": [
                    {
                        "name": "RDP",
                        "properties": {
                            "protocol": "TCP",
                            "sourcePortRange": "*",
                            "destinationPortRange": "3389",
                            "sourceAddressPrefix": "*",
                            "destinationAddressPrefix": "*",
                            "access": "Allow",
                            "priority": 300,
                            "direction": "Inbound",
                            "sourcePortRanges": [],
                            "destinationPortRanges": [],
                            "sourceAddressPrefixes": [],
                            "destinationAddressPrefixes": []
                        }
                    },
                    {
                        "name": "NPM",
                        "properties": {
                            "protocol": "*",
                            "sourcePortRange": "*",
                            "destinationPortRange": "8084",
                            "sourceAddressPrefix": "*",
                            "destinationAddressPrefix": "*",
                            "access": "Allow",
                            "priority": 310,
                            "direction": "Inbound",
                            "sourcePortRanges": [],
                            "destinationPortRanges": [],
                            "sourceAddressPrefixes": [],
                            "destinationAddressPrefixes": []
                        }
                    }
                ]
            }
        },
        {
            "type": "Microsoft.Network/networkSecurityGroups",
            "apiVersion": "2019-09-01",
            "name": "[parameters('networkSecurityGroups_vwan_3_nsg_name')]",
            "location": "westeurope",
            "properties": {
                "securityRules": [
                    {
                        "name": "RDP",
                        "properties": {
                            "protocol": "TCP",
                            "sourcePortRange": "*",
                            "destinationPortRange": "3389",
                            "sourceAddressPrefix": "*",
                            "destinationAddressPrefix": "*",
                            "access": "Allow",
                            "priority": 300,
                            "direction": "Inbound",
                            "sourcePortRanges": [],
                            "destinationPortRanges": [],
                            "sourceAddressPrefixes": [],
                            "destinationAddressPrefixes": []
                        }
                    },
                    {
                        "name": "NPM",
                        "properties": {
                            "protocol": "*",
                            "sourcePortRange": "*",
                            "destinationPortRange": "8084",
                            "sourceAddressPrefix": "*",
                            "destinationAddressPrefix": "*",
                            "access": "Allow",
                            "priority": 310,
                            "direction": "Inbound",
                            "sourcePortRanges": [],
                            "destinationPortRanges": [],
                            "sourceAddressPrefixes": [],
                            "destinationAddressPrefixes": []
                        }
                    }
                ]
            }
        },
        {
            "type": "Microsoft.Network/networkSecurityGroups",
            "apiVersion": "2019-09-01",
            "name": "[parameters('networkSecurityGroups_vwan_4_nsg_name')]",
            "location": "eastus",
            "properties": {
                "securityRules": [
                    {
                        "name": "RDP",
                        "properties": {
                            "protocol": "TCP",
                            "sourcePortRange": "*",
                            "destinationPortRange": "3389",
                            "sourceAddressPrefix": "*",
                            "destinationAddressPrefix": "*",
                            "access": "Allow",
                            "priority": 300,
                            "direction": "Inbound",
                            "sourcePortRanges": [],
                            "destinationPortRanges": [],
                            "sourceAddressPrefixes": [],
                            "destinationAddressPrefixes": []
                        }
                    },
                    {
                        "name": "npm",
                        "properties": {
                            "protocol": "*",
                            "sourcePortRange": "*",
                            "destinationPortRange": "8084",
                            "sourceAddressPrefix": "*",
                            "destinationAddressPrefix": "*",
                            "access": "Allow",
                            "priority": 310,
                            "direction": "Inbound",
                            "sourcePortRanges": [],
                            "destinationPortRanges": [],
                            "sourceAddressPrefixes": [],
                            "destinationAddressPrefixes": []
                        }
                    }
                ]
            }
        },
        {
            "type": "Microsoft.Network/publicIPAddresses",
            "apiVersion": "2019-09-01",
            "name": "[parameters('publicIPAddresses_onprem_vm_pubip_name')]",
            "location": "northeurope",
            "sku": {
                "name": "Basic"
            },
            "properties": {
                "publicIPAddressVersion": "IPv4",
                "publicIPAllocationMethod": "Dynamic",
                "idleTimeoutInMinutes": 4,
                "ipTags": []
            }
        },
        {
            "type": "Microsoft.Network/publicIPAddresses",
            "apiVersion": "2019-09-01",
            "name": "[parameters('publicIPAddresses_spoke_1_ip_name')]",
            "location": "westeurope",
            "sku": {
                "name": "Standard"
            },
            "properties": {
                "ipAddress": "51.105.127.67",
                "publicIPAddressVersion": "IPv4",
                "publicIPAllocationMethod": "Static",
                "idleTimeoutInMinutes": 4,
                "ipTags": []
            }
        },
        {
            "type": "Microsoft.Network/publicIPAddresses",
            "apiVersion": "2019-09-01",
            "name": "[parameters('publicIPAddresses_spoke_2_ip_name')]",
            "location": "westeurope",
            "sku": {
                "name": "Standard"
            },
            "properties": {
                "ipAddress": "51.105.205.9",
                "publicIPAddressVersion": "IPv4",
                "publicIPAllocationMethod": "Static",
                "idleTimeoutInMinutes": 4,
                "ipTags": []
            }
        },
        {
            "type": "Microsoft.Network/publicIPAddresses",
            "apiVersion": "2019-09-01",
            "name": "[parameters('publicIPAddresses_spoke_3_ip_name')]",
            "location": "westeurope",
            "sku": {
                "name": "Standard"
            },
            "properties": {
                "ipAddress": "51.105.199.222",
                "publicIPAddressVersion": "IPv4",
                "publicIPAllocationMethod": "Static",
                "idleTimeoutInMinutes": 4,
                "ipTags": []
            }
        },
        {
            "type": "Microsoft.Network/publicIPAddresses",
            "apiVersion": "2019-09-01",
            "name": "[parameters('publicIPAddresses_spoke_4_ip_name')]",
            "location": "eastus",
            "sku": {
                "name": "Standard"
            },
            "properties": {
                "ipAddress": "52.188.177.88",
                "publicIPAddressVersion": "IPv4",
                "publicIPAllocationMethod": "Static",
                "idleTimeoutInMinutes": 4,
                "ipTags": []
            }
        },
        {
            "type": "Microsoft.Network/virtualNetworks",
            "apiVersion": "2019-09-01",
            "name": "[parameters('virtualNetworks_spoke_1_name')]",
            "location": "westeurope",
            "properties": {
                "addressSpace": {
                    "addressPrefixes": [
                        "172.16.1.0/24"
                    ]
                },
                "subnets": [
                    {
                        "name": "subnet1",
                        "properties": {
                            "addressPrefix": "172.16.1.0/25",
                            "delegations": [],
                            "privateEndpointNetworkPolicies": "Enabled",
                            "privateLinkServiceNetworkPolicies": "Enabled"
                        }
                    },
                    {
                        "name": "AzureBastionSubnet",
                        "properties": {
                            "addressPrefix": "172.16.1.128/27",
                            "serviceEndpoints": [],
                            "delegations": [],
                            "privateEndpointNetworkPolicies": "Enabled",
                            "privateLinkServiceNetworkPolicies": "Enabled"
                        }
                    }
                ],
                "virtualNetworkPeerings": [
                    {
                        "name": "RemoteVnetToHubPeering_de151742-b5fc-49db-981f-39f35cc0b3e7",
                        "properties": {
                            "peeringState": "Connected",
                            "remoteVirtualNetwork": {
                                "id": "[parameters('virtualNetworks_HV_Demo_WE_Hub_96e1dbca_4093_4fae_8cd9_9dafb56a3ebf_externalid')]"
                            },
                            "allowVirtualNetworkAccess": true,
                            "allowForwardedTraffic": false,
                            "allowGatewayTransit": false,
                            "useRemoteGateways": true,
                            "remoteAddressSpace": {
                                "addressPrefixes": [
                                    "192.168.0.0/24"
                                ]
                            }
                        }
                    }
                ],
                "enableDdosProtection": false,
                "enableVmProtection": false
            }
        },
        {
            "type": "Microsoft.Network/virtualNetworks",
            "apiVersion": "2019-09-01",
            "name": "[parameters('virtualNetworks_spoke_2_name')]",
            "location": "westeurope",
            "properties": {
                "addressSpace": {
                    "addressPrefixes": [
                        "172.16.2.0/24"
                    ]
                },
                "subnets": [
                    {
                        "name": "subnet1",
                        "properties": {
                            "addressPrefix": "172.16.2.0/25",
                            "delegations": [],
                            "privateEndpointNetworkPolicies": "Enabled",
                            "privateLinkServiceNetworkPolicies": "Enabled"
                        }
                    },
                    {
                        "name": "AzureBastionSubnet",
                        "properties": {
                            "addressPrefix": "172.16.2.128/27",
                            "serviceEndpoints": [],
                            "delegations": [],
                            "privateEndpointNetworkPolicies": "Enabled",
                            "privateLinkServiceNetworkPolicies": "Enabled"
                        }
                    }
                ],
                "virtualNetworkPeerings": [
                    {
                        "name": "RemoteVnetToHubPeering_8f38173d-d7a6-489d-ace4-6af90c1b7ca7",
                        "properties": {
                            "peeringState": "Connected",
                            "remoteVirtualNetwork": {
                                "id": "[parameters('virtualNetworks_HV_Demo_WE_Hub_96e1dbca_4093_4fae_8cd9_9dafb56a3ebf_externalid')]"
                            },
                            "allowVirtualNetworkAccess": true,
                            "allowForwardedTraffic": false,
                            "allowGatewayTransit": false,
                            "useRemoteGateways": true,
                            "remoteAddressSpace": {
                                "addressPrefixes": [
                                    "192.168.0.0/24"
                                ]
                            }
                        }
                    }
                ],
                "enableDdosProtection": false,
                "enableVmProtection": false
            }
        },
        {
            "type": "Microsoft.Network/virtualNetworks",
            "apiVersion": "2019-09-01",
            "name": "[parameters('virtualNetworks_spoke_3_name')]",
            "location": "westeurope",
            "properties": {
                "addressSpace": {
                    "addressPrefixes": [
                        "172.16.3.0/24"
                    ]
                },
                "subnets": [
                    {
                        "name": "subnet1",
                        "properties": {
                            "addressPrefix": "172.16.3.0/25",
                            "delegations": [],
                            "privateEndpointNetworkPolicies": "Enabled",
                            "privateLinkServiceNetworkPolicies": "Enabled"
                        }
                    },
                    {
                        "name": "AzureBastionSubnet",
                        "properties": {
                            "addressPrefix": "172.16.3.128/27",
                            "serviceEndpoints": [],
                            "delegations": [],
                            "privateEndpointNetworkPolicies": "Enabled",
                            "privateLinkServiceNetworkPolicies": "Enabled"
                        }
                    }
                ],
                "virtualNetworkPeerings": [
                    {
                        "name": "RemoteVnetToHubPeering_019158c2-3e94-41b0-ad6f-0b009d4b54e0",
                        "properties": {
                            "peeringState": "Connected",
                            "remoteVirtualNetwork": {
                                "id": "[parameters('virtualNetworks_HV_Demo_WE_Hub_96e1dbca_4093_4fae_8cd9_9dafb56a3ebf_externalid')]"
                            },
                            "allowVirtualNetworkAccess": true,
                            "allowForwardedTraffic": false,
                            "allowGatewayTransit": false,
                            "useRemoteGateways": true,
                            "remoteAddressSpace": {
                                "addressPrefixes": [
                                    "192.168.0.0/24"
                                ]
                            }
                        }
                    }
                ],
                "enableDdosProtection": false,
                "enableVmProtection": false
            }
        },
        {
            "type": "Microsoft.Network/virtualNetworks",
            "apiVersion": "2019-09-01",
            "name": "[parameters('virtualNetworks_spoke_4_name')]",
            "location": "eastus",
            "properties": {
                "addressSpace": {
                    "addressPrefixes": [
                        "172.16.4.0/24"
                    ]
                },
                "subnets": [
                    {
                        "name": "default",
                        "properties": {
                            "addressPrefix": "172.16.4.0/25",
                            "delegations": [],
                            "privateEndpointNetworkPolicies": "Enabled",
                            "privateLinkServiceNetworkPolicies": "Enabled"
                        }
                    },
                    {
                        "name": "AzureBastionSubnet",
                        "properties": {
                            "addressPrefix": "172.16.4.224/27",
                            "delegations": [],
                            "privateEndpointNetworkPolicies": "Enabled",
                            "privateLinkServiceNetworkPolicies": "Enabled"
                        }
                    }
                ],
                "virtualNetworkPeerings": [
                    {
                        "name": "RemoteVnetToHubPeering_c0e132e9-323f-484d-91ad-b6b69dc6414d",
                        "properties": {
                            "peeringState": "Connected",
                            "remoteVirtualNetwork": {
                                "id": "[parameters('virtualNetworks_HV_Demo_WE_Hub_96e1dbca_4093_4fae_8cd9_9dafb56a3ebf_externalid')]"
                            },
                            "allowVirtualNetworkAccess": true,
                            "allowForwardedTraffic": false,
                            "allowGatewayTransit": false,
                            "useRemoteGateways": true,
                            "remoteAddressSpace": {
                                "addressPrefixes": [
                                    "192.168.0.0/24"
                                ]
                            }
                        }
                    }
                ],
                "enableDdosProtection": false,
                "enableVmProtection": false
            }
        },
        {
            "type": "Microsoft.Network/virtualWans",
            "apiVersion": "2019-09-01",
            "name": "[parameters('virtualWans_Demo_vWAN_name')]",
            "location": "westeurope",
            "properties": {
                "disableVpnEncryption": false,
                "allowBranchToBranchTraffic": true,
                "allowVnetToVnetTraffic": false,
                "office365LocalBreakoutCategory": "None",
                "type": "Standard"
            }
        },
        {
            "type": "Microsoft.Storage/storageAccounts",
            "apiVersion": "2019-04-01",
            "name": "[parameters('storageAccounts_demonsglogsuseast_name')]",
            "location": "eastus",
            "sku": {
                "name": "Standard_RAGRS",
                "tier": "Standard"
            },
            "kind": "Storage",
            "properties": {
                "networkAcls": {
                    "bypass": "AzureServices",
                    "virtualNetworkRules": [],
                    "ipRules": [],
                    "defaultAction": "Allow"
                },
                "supportsHttpsTrafficOnly": true,
                "encryption": {
                    "services": {
                        "file": {
                            "enabled": true
                        },
                        "blob": {
                            "enabled": true
                        }
                    },
                    "keySource": "Microsoft.Storage"
                }
            }
        },
        {
            "type": "Microsoft.Storage/storageAccounts",
            "apiVersion": "2019-04-01",
            "name": "[parameters('storageAccounts_demovwanrgdiag_name')]",
            "location": "westeurope",
            "sku": {
                "name": "Standard_LRS",
                "tier": "Standard"
            },
            "kind": "Storage",
            "properties": {
                "networkAcls": {
                    "bypass": "AzureServices",
                    "virtualNetworkRules": [],
                    "ipRules": [],
                    "defaultAction": "Allow"
                },
                "supportsHttpsTrafficOnly": true,
                "encryption": {
                    "services": {
                        "file": {
                            "enabled": true
                        },
                        "blob": {
                            "enabled": true
                        }
                    },
                    "keySource": "Microsoft.Storage"
                }
            }
        },
        {
            "type": "Microsoft.Storage/storageAccounts",
            "apiVersion": "2019-04-01",
            "name": "[parameters('storageAccounts_demovwanrgdiag277_name')]",
            "location": "northeurope",
            "sku": {
                "name": "Standard_LRS",
                "tier": "Standard"
            },
            "kind": "Storage",
            "properties": {
                "networkAcls": {
                    "bypass": "AzureServices",
                    "virtualNetworkRules": [],
                    "ipRules": [],
                    "defaultAction": "Allow"
                },
                "supportsHttpsTrafficOnly": true,
                "encryption": {
                    "services": {
                        "file": {
                            "enabled": true
                        },
                        "blob": {
                            "enabled": true
                        }
                    },
                    "keySource": "Microsoft.Storage"
                }
            }
        },
        {
            "type": "Microsoft.Storage/storageAccounts",
            "apiVersion": "2019-04-01",
            "name": "[parameters('storageAccounts_demovwanrgdiag286_name')]",
            "location": "eastus",
            "sku": {
                "name": "Standard_LRS",
                "tier": "Standard"
            },
            "kind": "Storage",
            "properties": {
                "networkAcls": {
                    "bypass": "AzureServices",
                    "virtualNetworkRules": [],
                    "ipRules": [],
                    "defaultAction": "Allow"
                },
                "supportsHttpsTrafficOnly": true,
                "encryption": {
                    "services": {
                        "file": {
                            "enabled": true
                        },
                        "blob": {
                            "enabled": true
                        }
                    },
                    "keySource": "Microsoft.Storage"
                }
            }
        },
        {
            "type": "Microsoft.Compute/virtualMachines/extensions",
            "apiVersion": "2019-03-01",
            "name": "[concat(parameters('virtualMachines_onprem_name'), '/AzureNetworkWatcherExtension')]",
            "location": "northeurope",
            "dependsOn": [
                "[resourceId('Microsoft.Compute/virtualMachines', parameters('virtualMachines_onprem_name'))]"
            ],
            "properties": {
                "autoUpgradeMinorVersion": true,
                "publisher": "Microsoft.Azure.NetworkWatcher",
                "type": "NetworkWatcherAgentWindows",
                "typeHandlerVersion": "1.4"
            }
        },
        {
            "type": "Microsoft.Compute/virtualMachines/extensions",
            "apiVersion": "2019-03-01",
            "name": "[concat(parameters('virtualMachines_vwan_1_name'), '/AzureNetworkWatcherExtension')]",
            "location": "westeurope",
            "dependsOn": [
                "[resourceId('Microsoft.Compute/virtualMachines', parameters('virtualMachines_vwan_1_name'))]"
            ],
            "properties": {
                "autoUpgradeMinorVersion": true,
                "publisher": "Microsoft.Azure.NetworkWatcher",
                "type": "NetworkWatcherAgentWindows",
                "typeHandlerVersion": "1.4"
            }
        },
        {
            "type": "Microsoft.Compute/virtualMachines/extensions",
            "apiVersion": "2019-03-01",
            "name": "[concat(parameters('virtualMachines_vwan_2_name'), '/AzureNetworkWatcherExtension')]",
            "location": "westeurope",
            "dependsOn": [
                "[resourceId('Microsoft.Compute/virtualMachines', parameters('virtualMachines_vwan_2_name'))]"
            ],
            "properties": {
                "autoUpgradeMinorVersion": true,
                "publisher": "Microsoft.Azure.NetworkWatcher",
                "type": "NetworkWatcherAgentWindows",
                "typeHandlerVersion": "1.4"
            }
        },
        {
            "type": "Microsoft.Compute/virtualMachines/extensions",
            "apiVersion": "2019-03-01",
            "name": "[concat(parameters('virtualMachines_vwan_3_name'), '/AzureNetworkWatcherExtension')]",
            "location": "westeurope",
            "dependsOn": [
                "[resourceId('Microsoft.Compute/virtualMachines', parameters('virtualMachines_vwan_3_name'))]"
            ],
            "properties": {
                "autoUpgradeMinorVersion": true,
                "publisher": "Microsoft.Azure.NetworkWatcher",
                "type": "NetworkWatcherAgentWindows",
                "typeHandlerVersion": "1.4"
            }
        },
        {
            "type": "Microsoft.Compute/virtualMachines/extensions",
            "apiVersion": "2019-03-01",
            "name": "[concat(parameters('virtualMachines_vwan_4_name'), '/AzureNetworkWatcherExtension')]",
            "location": "eastus",
            "dependsOn": [
                "[resourceId('Microsoft.Compute/virtualMachines', parameters('virtualMachines_vwan_4_name'))]"
            ],
            "properties": {
                "autoUpgradeMinorVersion": true,
                "publisher": "Microsoft.Azure.NetworkWatcher",
                "type": "NetworkWatcherAgentWindows",
                "typeHandlerVersion": "1.4"
            }
        },
        {
            "type": "Microsoft.Network/firewallPolicies/ruleGroups",
            "apiVersion": "2019-09-01",
            "name": "[concat(parameters('firewallPolicies_Demo_vWAN_name'), '/DefaultApplicationRuleCollectionGroup')]",
            "location": "westeurope",
            "dependsOn": [
                "[resourceId('Microsoft.Network/firewallPolicies', parameters('firewallPolicies_Demo_vWAN_name'))]"
            ],
            "properties": {
                "priority": 300,
                "rules": [
                    {
                        "ruleType": "FirewallPolicyFilterRule",
                        "name": "allowwebpolicy",
                        "priority": 200
                    }
                ]
            }
        },
        {
            "type": "Microsoft.Network/firewallPolicies/ruleGroups",
            "apiVersion": "2019-09-01",
            "name": "[concat(parameters('firewallPolicies_Demo_vWAN_name'), '/DefaultNetworkRuleCollectionGroup')]",
            "location": "westeurope",
            "dependsOn": [
                "[resourceId('Microsoft.Network/firewallPolicies', parameters('firewallPolicies_Demo_vWAN_name'))]"
            ],
            "properties": {
                "priority": 200,
                "rules": [
                    {
                        "ruleType": "FirewallPolicyFilterRule",
                        "name": "spoke-to-spoke",
                        "priority": 100
                    }
                ]
            }
        },
        {
            "type": "Microsoft.Network/networkSecurityGroups/securityRules",
            "apiVersion": "2019-09-01",
            "name": "[concat(parameters('networkSecurityGroups_vwan_4_nsg_name'), '/npm')]",
            "dependsOn": [
                "[resourceId('Microsoft.Network/networkSecurityGroups', parameters('networkSecurityGroups_vwan_4_nsg_name'))]"
            ],
            "properties": {
                "protocol": "*",
                "sourcePortRange": "*",
                "destinationPortRange": "8084",
                "sourceAddressPrefix": "*",
                "destinationAddressPrefix": "*",
                "access": "Allow",
                "priority": 310,
                "direction": "Inbound",
                "sourcePortRanges": [],
                "destinationPortRanges": [],
                "sourceAddressPrefixes": [],
                "destinationAddressPrefixes": []
            }
        },
        {
            "type": "Microsoft.Network/networkSecurityGroups/securityRules",
            "apiVersion": "2019-09-01",
            "name": "[concat(parameters('networkSecurityGroups_vwan_1_nsg_name'), '/NPM')]",
            "dependsOn": [
                "[resourceId('Microsoft.Network/networkSecurityGroups', parameters('networkSecurityGroups_vwan_1_nsg_name'))]"
            ],
            "properties": {
                "protocol": "TCP",
                "sourcePortRange": "*",
                "destinationPortRange": "8084",
                "sourceAddressPrefix": "*",
                "destinationAddressPrefix": "*",
                "access": "Allow",
                "priority": 310,
                "direction": "Inbound",
                "sourcePortRanges": [],
                "destinationPortRanges": [],
                "sourceAddressPrefixes": [],
                "destinationAddressPrefixes": []
            }
        },
        {
            "type": "Microsoft.Network/networkSecurityGroups/securityRules",
            "apiVersion": "2019-09-01",
            "name": "[concat(parameters('networkSecurityGroups_vwan_2_nsg_name'), '/NPM')]",
            "dependsOn": [
                "[resourceId('Microsoft.Network/networkSecurityGroups', parameters('networkSecurityGroups_vwan_2_nsg_name'))]"
            ],
            "properties": {
                "protocol": "*",
                "sourcePortRange": "*",
                "destinationPortRange": "8084",
                "sourceAddressPrefix": "*",
                "destinationAddressPrefix": "*",
                "access": "Allow",
                "priority": 310,
                "direction": "Inbound",
                "sourcePortRanges": [],
                "destinationPortRanges": [],
                "sourceAddressPrefixes": [],
                "destinationAddressPrefixes": []
            }
        },
        {
            "type": "Microsoft.Network/networkSecurityGroups/securityRules",
            "apiVersion": "2019-09-01",
            "name": "[concat(parameters('networkSecurityGroups_vwan_3_nsg_name'), '/NPM')]",
            "dependsOn": [
                "[resourceId('Microsoft.Network/networkSecurityGroups', parameters('networkSecurityGroups_vwan_3_nsg_name'))]"
            ],
            "properties": {
                "protocol": "*",
                "sourcePortRange": "*",
                "destinationPortRange": "8084",
                "sourceAddressPrefix": "*",
                "destinationAddressPrefix": "*",
                "access": "Allow",
                "priority": 310,
                "direction": "Inbound",
                "sourcePortRanges": [],
                "destinationPortRanges": [],
                "sourceAddressPrefixes": [],
                "destinationAddressPrefixes": []
            }
        },
        {
            "type": "Microsoft.Network/networkSecurityGroups/securityRules",
            "apiVersion": "2019-09-01",
            "name": "[concat(parameters('networkSecurityGroups_onprem_nsg_name'), '/RDP')]",
            "dependsOn": [
                "[resourceId('Microsoft.Network/networkSecurityGroups', parameters('networkSecurityGroups_onprem_nsg_name'))]"
            ],
            "properties": {
                "protocol": "TCP",
                "sourcePortRange": "*",
                "destinationPortRange": "3389",
                "sourceAddressPrefix": "*",
                "destinationAddressPrefix": "*",
                "access": "Allow",
                "priority": 300,
                "direction": "Inbound",
                "sourcePortRanges": [],
                "destinationPortRanges": [],
                "sourceAddressPrefixes": [],
                "destinationAddressPrefixes": []
            }
        },
        {
            "type": "Microsoft.Network/networkSecurityGroups/securityRules",
            "apiVersion": "2019-09-01",
            "name": "[concat(parameters('networkSecurityGroups_vwan_1_nsg_name'), '/RDP')]",
            "dependsOn": [
                "[resourceId('Microsoft.Network/networkSecurityGroups', parameters('networkSecurityGroups_vwan_1_nsg_name'))]"
            ],
            "properties": {
                "protocol": "TCP",
                "sourcePortRange": "*",
                "destinationPortRange": "3389",
                "sourceAddressPrefix": "*",
                "destinationAddressPrefix": "*",
                "access": "Allow",
                "priority": 300,
                "direction": "Inbound",
                "sourcePortRanges": [],
                "destinationPortRanges": [],
                "sourceAddressPrefixes": [],
                "destinationAddressPrefixes": []
            }
        },
        {
            "type": "Microsoft.Network/networkSecurityGroups/securityRules",
            "apiVersion": "2019-09-01",
            "name": "[concat(parameters('networkSecurityGroups_vwan_2_nsg_name'), '/RDP')]",
            "dependsOn": [
                "[resourceId('Microsoft.Network/networkSecurityGroups', parameters('networkSecurityGroups_vwan_2_nsg_name'))]"
            ],
            "properties": {
                "protocol": "TCP",
                "sourcePortRange": "*",
                "destinationPortRange": "3389",
                "sourceAddressPrefix": "*",
                "destinationAddressPrefix": "*",
                "access": "Allow",
                "priority": 300,
                "direction": "Inbound",
                "sourcePortRanges": [],
                "destinationPortRanges": [],
                "sourceAddressPrefixes": [],
                "destinationAddressPrefixes": []
            }
        },
        {
            "type": "Microsoft.Network/networkSecurityGroups/securityRules",
            "apiVersion": "2019-09-01",
            "name": "[concat(parameters('networkSecurityGroups_vwan_3_nsg_name'), '/RDP')]",
            "dependsOn": [
                "[resourceId('Microsoft.Network/networkSecurityGroups', parameters('networkSecurityGroups_vwan_3_nsg_name'))]"
            ],
            "properties": {
                "protocol": "TCP",
                "sourcePortRange": "*",
                "destinationPortRange": "3389",
                "sourceAddressPrefix": "*",
                "destinationAddressPrefix": "*",
                "access": "Allow",
                "priority": 300,
                "direction": "Inbound",
                "sourcePortRanges": [],
                "destinationPortRanges": [],
                "sourceAddressPrefixes": [],
                "destinationAddressPrefixes": []
            }
        },
        {
            "type": "Microsoft.Network/networkSecurityGroups/securityRules",
            "apiVersion": "2019-09-01",
            "name": "[concat(parameters('networkSecurityGroups_vwan_4_nsg_name'), '/RDP')]",
            "dependsOn": [
                "[resourceId('Microsoft.Network/networkSecurityGroups', parameters('networkSecurityGroups_vwan_4_nsg_name'))]"
            ],
            "properties": {
                "protocol": "TCP",
                "sourcePortRange": "*",
                "destinationPortRange": "3389",
                "sourceAddressPrefix": "*",
                "destinationAddressPrefix": "*",
                "access": "Allow",
                "priority": 300,
                "direction": "Inbound",
                "sourcePortRanges": [],
                "destinationPortRanges": [],
                "sourceAddressPrefixes": [],
                "destinationAddressPrefixes": []
            }
        },
        {
            "type": "Microsoft.Network/virtualNetworks/subnets",
            "apiVersion": "2019-09-01",
            "name": "[concat(parameters('virtualNetworks_spoke_1_name'), '/AzureBastionSubnet')]",
            "dependsOn": [
                "[resourceId('Microsoft.Network/virtualNetworks', parameters('virtualNetworks_spoke_1_name'))]"
            ],
            "properties": {
                "addressPrefix": "172.16.1.128/27",
                "serviceEndpoints": [],
                "delegations": [],
                "privateEndpointNetworkPolicies": "Enabled",
                "privateLinkServiceNetworkPolicies": "Enabled"
            }
        },
        {
            "type": "Microsoft.Network/virtualNetworks/subnets",
            "apiVersion": "2019-09-01",
            "name": "[concat(parameters('virtualNetworks_spoke_2_name'), '/AzureBastionSubnet')]",
            "dependsOn": [
                "[resourceId('Microsoft.Network/virtualNetworks', parameters('virtualNetworks_spoke_2_name'))]"
            ],
            "properties": {
                "addressPrefix": "172.16.2.128/27",
                "serviceEndpoints": [],
                "delegations": [],
                "privateEndpointNetworkPolicies": "Enabled",
                "privateLinkServiceNetworkPolicies": "Enabled"
            }
        },
        {
            "type": "Microsoft.Network/virtualNetworks/subnets",
            "apiVersion": "2019-09-01",
            "name": "[concat(parameters('virtualNetworks_spoke_3_name'), '/AzureBastionSubnet')]",
            "dependsOn": [
                "[resourceId('Microsoft.Network/virtualNetworks', parameters('virtualNetworks_spoke_3_name'))]"
            ],
            "properties": {
                "addressPrefix": "172.16.3.128/27",
                "serviceEndpoints": [],
                "delegations": [],
                "privateEndpointNetworkPolicies": "Enabled",
                "privateLinkServiceNetworkPolicies": "Enabled"
            }
        },
        {
            "type": "Microsoft.Network/virtualNetworks/subnets",
            "apiVersion": "2019-09-01",
            "name": "[concat(parameters('virtualNetworks_spoke_4_name'), '/AzureBastionSubnet')]",
            "dependsOn": [
                "[resourceId('Microsoft.Network/virtualNetworks', parameters('virtualNetworks_spoke_4_name'))]"
            ],
            "properties": {
                "addressPrefix": "172.16.4.224/27",
                "delegations": [],
                "privateEndpointNetworkPolicies": "Enabled",
                "privateLinkServiceNetworkPolicies": "Enabled"
            }
        },
        {
            "type": "Microsoft.Network/virtualNetworks/subnets",
            "apiVersion": "2019-09-01",
            "name": "[concat(parameters('virtualNetworks_spoke_4_name'), '/default')]",
            "dependsOn": [
                "[resourceId('Microsoft.Network/virtualNetworks', parameters('virtualNetworks_spoke_4_name'))]"
            ],
            "properties": {
                "addressPrefix": "172.16.4.0/25",
                "delegations": [],
                "privateEndpointNetworkPolicies": "Enabled",
                "privateLinkServiceNetworkPolicies": "Enabled"
            }
        },
        {
            "type": "Microsoft.Network/virtualNetworks/subnets",
            "apiVersion": "2019-09-01",
            "name": "[concat(parameters('virtualNetworks_spoke_1_name'), '/subnet1')]",
            "dependsOn": [
                "[resourceId('Microsoft.Network/virtualNetworks', parameters('virtualNetworks_spoke_1_name'))]"
            ],
            "properties": {
                "addressPrefix": "172.16.1.0/25",
                "delegations": [],
                "privateEndpointNetworkPolicies": "Enabled",
                "privateLinkServiceNetworkPolicies": "Enabled"
            }
        },
        {
            "type": "Microsoft.Network/virtualNetworks/subnets",
            "apiVersion": "2019-09-01",
            "name": "[concat(parameters('virtualNetworks_spoke_2_name'), '/subnet1')]",
            "dependsOn": [
                "[resourceId('Microsoft.Network/virtualNetworks', parameters('virtualNetworks_spoke_2_name'))]"
            ],
            "properties": {
                "addressPrefix": "172.16.2.0/25",
                "delegations": [],
                "privateEndpointNetworkPolicies": "Enabled",
                "privateLinkServiceNetworkPolicies": "Enabled"
            }
        },
        {
            "type": "Microsoft.Network/virtualNetworks/subnets",
            "apiVersion": "2019-09-01",
            "name": "[concat(parameters('virtualNetworks_spoke_3_name'), '/subnet1')]",
            "dependsOn": [
                "[resourceId('Microsoft.Network/virtualNetworks', parameters('virtualNetworks_spoke_3_name'))]"
            ],
            "properties": {
                "addressPrefix": "172.16.3.0/25",
                "delegations": [],
                "privateEndpointNetworkPolicies": "Enabled",
                "privateLinkServiceNetworkPolicies": "Enabled"
            }
        },
        {
            "type": "Microsoft.Network/virtualNetworks/virtualNetworkPeerings",
            "apiVersion": "2019-09-01",
            "name": "[concat(parameters('virtualNetworks_spoke_3_name'), '/RemoteVnetToHubPeering_019158c2-3e94-41b0-ad6f-0b009d4b54e0')]",
            "dependsOn": [
                "[resourceId('Microsoft.Network/virtualNetworks', parameters('virtualNetworks_spoke_3_name'))]"
            ],
            "properties": {
                "peeringState": "Connected",
                "remoteVirtualNetwork": {
                    "id": "[parameters('virtualNetworks_HV_Demo_WE_Hub_96e1dbca_4093_4fae_8cd9_9dafb56a3ebf_externalid')]"
                },
                "allowVirtualNetworkAccess": true,
                "allowForwardedTraffic": false,
                "allowGatewayTransit": false,
                "useRemoteGateways": true,
                "remoteAddressSpace": {
                    "addressPrefixes": [
                        "192.168.0.0/24"
                    ]
                }
            }
        },
        {
            "type": "Microsoft.Network/virtualNetworks/virtualNetworkPeerings",
            "apiVersion": "2019-09-01",
            "name": "[concat(parameters('virtualNetworks_spoke_2_name'), '/RemoteVnetToHubPeering_8f38173d-d7a6-489d-ace4-6af90c1b7ca7')]",
            "dependsOn": [
                "[resourceId('Microsoft.Network/virtualNetworks', parameters('virtualNetworks_spoke_2_name'))]"
            ],
            "properties": {
                "peeringState": "Connected",
                "remoteVirtualNetwork": {
                    "id": "[parameters('virtualNetworks_HV_Demo_WE_Hub_96e1dbca_4093_4fae_8cd9_9dafb56a3ebf_externalid')]"
                },
                "allowVirtualNetworkAccess": true,
                "allowForwardedTraffic": false,
                "allowGatewayTransit": false,
                "useRemoteGateways": true,
                "remoteAddressSpace": {
                    "addressPrefixes": [
                        "192.168.0.0/24"
                    ]
                }
            }
        },
        {
            "type": "Microsoft.Network/virtualNetworks/virtualNetworkPeerings",
            "apiVersion": "2019-09-01",
            "name": "[concat(parameters('virtualNetworks_spoke_4_name'), '/RemoteVnetToHubPeering_c0e132e9-323f-484d-91ad-b6b69dc6414d')]",
            "dependsOn": [
                "[resourceId('Microsoft.Network/virtualNetworks', parameters('virtualNetworks_spoke_4_name'))]"
            ],
            "properties": {
                "peeringState": "Connected",
                "remoteVirtualNetwork": {
                    "id": "[parameters('virtualNetworks_HV_Demo_WE_Hub_96e1dbca_4093_4fae_8cd9_9dafb56a3ebf_externalid')]"
                },
                "allowVirtualNetworkAccess": true,
                "allowForwardedTraffic": false,
                "allowGatewayTransit": false,
                "useRemoteGateways": true,
                "remoteAddressSpace": {
                    "addressPrefixes": [
                        "192.168.0.0/24"
                    ]
                }
            }
        },
        {
            "type": "Microsoft.Network/virtualNetworks/virtualNetworkPeerings",
            "apiVersion": "2019-09-01",
            "name": "[concat(parameters('virtualNetworks_spoke_1_name'), '/RemoteVnetToHubPeering_de151742-b5fc-49db-981f-39f35cc0b3e7')]",
            "dependsOn": [
                "[resourceId('Microsoft.Network/virtualNetworks', parameters('virtualNetworks_spoke_1_name'))]"
            ],
            "properties": {
                "peeringState": "Connected",
                "remoteVirtualNetwork": {
                    "id": "[parameters('virtualNetworks_HV_Demo_WE_Hub_96e1dbca_4093_4fae_8cd9_9dafb56a3ebf_externalid')]"
                },
                "allowVirtualNetworkAccess": true,
                "allowForwardedTraffic": false,
                "allowGatewayTransit": false,
                "useRemoteGateways": true,
                "remoteAddressSpace": {
                    "addressPrefixes": [
                        "192.168.0.0/24"
                    ]
                }
            }
        },
        {
            "type": "Microsoft.Network/vpnSites",
            "apiVersion": "2019-09-01",
            "name": "[parameters('vpnSites_Onprem_1_name')]",
            "location": "northeurope",
            "dependsOn": [
                "[resourceId('Microsoft.Network/virtualWans', parameters('virtualWans_Demo_vWAN_name'))]"
            ],
            "properties": {
                "addressSpace": {
                    "addressPrefixes": [
                        "10.0.1.0/24"
                    ]
                },
                "deviceProperties": {
                    "deviceVendor": "Azure",
                    "linkSpeedInMbps": 0
                },
                "virtualWan": {
                    "id": "[resourceId('Microsoft.Network/virtualWans', parameters('virtualWans_Demo_vWAN_name'))]"
                },
                "isSecuritySite": false,
                "vpnSiteLinks": [
                    {
                        "name": "Onprem-gw",
                        "properties": {
                            "ipAddress": "40.112.64.145",
                            "linkProperties": {
                                "linkProviderName": "Azure",
                                "linkSpeedInMbps": 100
                            }
                        }
                    }
                ]
            }
        },
        {
            "type": "Microsoft.Storage/storageAccounts/blobServices",
            "apiVersion": "2019-04-01",
            "name": "[concat(parameters('storageAccounts_demonsglogsuseast_name'), '/default')]",
            "dependsOn": [
                "[resourceId('Microsoft.Storage/storageAccounts', parameters('storageAccounts_demonsglogsuseast_name'))]"
            ],
            "sku": {
                "name": "Standard_RAGRS"
            },
            "properties": {
                "cors": {
                    "corsRules": []
                },
                "deleteRetentionPolicy": {
                    "enabled": false
                }
            }
        },
        {
            "type": "Microsoft.Storage/storageAccounts/blobServices",
            "apiVersion": "2019-04-01",
            "name": "[concat(parameters('storageAccounts_demovwanrgdiag_name'), '/default')]",
            "dependsOn": [
                "[resourceId('Microsoft.Storage/storageAccounts', parameters('storageAccounts_demovwanrgdiag_name'))]"
            ],
            "sku": {
                "name": "Standard_LRS"
            },
            "properties": {
                "cors": {
                    "corsRules": []
                },
                "deleteRetentionPolicy": {
                    "enabled": false
                }
            }
        },
        {
            "type": "Microsoft.Storage/storageAccounts/blobServices",
            "apiVersion": "2019-04-01",
            "name": "[concat(parameters('storageAccounts_demovwanrgdiag277_name'), '/default')]",
            "dependsOn": [
                "[resourceId('Microsoft.Storage/storageAccounts', parameters('storageAccounts_demovwanrgdiag277_name'))]"
            ],
            "sku": {
                "name": "Standard_LRS"
            },
            "properties": {
                "cors": {
                    "corsRules": []
                },
                "deleteRetentionPolicy": {
                    "enabled": false
                }
            }
        },
        {
            "type": "Microsoft.Storage/storageAccounts/blobServices",
            "apiVersion": "2019-04-01",
            "name": "[concat(parameters('storageAccounts_demovwanrgdiag286_name'), '/default')]",
            "dependsOn": [
                "[resourceId('Microsoft.Storage/storageAccounts', parameters('storageAccounts_demovwanrgdiag286_name'))]"
            ],
            "sku": {
                "name": "Standard_LRS"
            },
            "properties": {
                "cors": {
                    "corsRules": []
                },
                "deleteRetentionPolicy": {
                    "enabled": false
                }
            }
        },
        {
            "type": "Microsoft.Compute/virtualMachines",
            "apiVersion": "2019-03-01",
            "name": "[parameters('virtualMachines_onprem_name')]",
            "location": "northeurope",
            "dependsOn": [
                "[resourceId('Microsoft.Network/networkInterfaces', parameters('networkInterfaces_onprem601_name'))]",
                "[resourceId('Microsoft.Storage/StorageAccounts', parameters('storageAccounts_demovwanrgdiag277_name'))]"
            ],
            "properties": {
                "hardwareProfile": {
                    "vmSize": "Standard_D2s_v3"
                },
                "storageProfile": {
                    "imageReference": {
                        "publisher": "MicrosoftWindowsServer",
                        "offer": "WindowsServer",
                        "sku": "2016-Datacenter",
                        "version": "latest"
                    },
                    "osDisk": {
                        "osType": "Windows",
                        "name": "[concat(parameters('virtualMachines_onprem_name'), '_OsDisk_1_9422ec537b024cc79dd242a45b58bd1b')]",
                        "createOption": "FromImage",
                        "caching": "ReadWrite",
                        "managedDisk": {
                            "id": "[resourceId('Microsoft.Compute/disks', concat(parameters('virtualMachines_onprem_name'), '_OsDisk_1_9422ec537b024cc79dd242a45b58bd1b'))]"
                        }
                    },
                    "dataDisks": []
                },
                "osProfile": {
                    "computerName": "[parameters('virtualMachines_onprem_name')]",
                    "adminUsername": "marc",
                    "windowsConfiguration": {
                        "provisionVMAgent": true,
                        "enableAutomaticUpdates": true
                    },
                    "secrets": [],
                    "allowExtensionOperations": true
                },
                "networkProfile": {
                    "networkInterfaces": [
                        {
                            "id": "[resourceId('Microsoft.Network/networkInterfaces', parameters('networkInterfaces_onprem601_name'))]"
                        }
                    ]
                },
                "diagnosticsProfile": {
                    "bootDiagnostics": {
                        "enabled": true,
                        "storageUri": "[concat('https://', parameters('storageAccounts_demovwanrgdiag277_name'), '.blob.core.windows.net/')]"
                    }
                }
            }
        },
        {
            "type": "Microsoft.Compute/virtualMachines",
            "apiVersion": "2019-03-01",
            "name": "[parameters('virtualMachines_vwan_1_name')]",
            "location": "westeurope",
            "dependsOn": [
                "[resourceId('Microsoft.Network/networkInterfaces', parameters('networkInterfaces_vwan_1832_name'))]",
                "[resourceId('Microsoft.Storage/StorageAccounts', parameters('storageAccounts_demovwanrgdiag_name'))]"
            ],
            "properties": {
                "hardwareProfile": {
                    "vmSize": "Standard_D4s_v3"
                },
                "storageProfile": {
                    "imageReference": {
                        "publisher": "MicrosoftWindowsServer",
                        "offer": "WindowsServer",
                        "sku": "2016-Datacenter",
                        "version": "latest"
                    },
                    "osDisk": {
                        "osType": "Windows",
                        "name": "[concat(parameters('virtualMachines_vwan_1_name'), '_OsDisk_1_13822b05a19e4085bf3948047964d91d')]",
                        "createOption": "FromImage",
                        "caching": "ReadWrite",
                        "managedDisk": {
                            "id": "[resourceId('Microsoft.Compute/disks', concat(parameters('virtualMachines_vwan_1_name'), '_OsDisk_1_13822b05a19e4085bf3948047964d91d'))]"
                        }
                    },
                    "dataDisks": []
                },
                "osProfile": {
                    "computerName": "[parameters('virtualMachines_vwan_1_name')]",
                    "adminUsername": "marc",
                    "windowsConfiguration": {
                        "provisionVMAgent": true,
                        "enableAutomaticUpdates": true
                    },
                    "secrets": [],
                    "allowExtensionOperations": true
                },
                "networkProfile": {
                    "networkInterfaces": [
                        {
                            "id": "[resourceId('Microsoft.Network/networkInterfaces', parameters('networkInterfaces_vwan_1832_name'))]"
                        }
                    ]
                },
                "diagnosticsProfile": {
                    "bootDiagnostics": {
                        "enabled": true,
                        "storageUri": "[concat('https://', parameters('storageAccounts_demovwanrgdiag_name'), '.blob.core.windows.net/')]"
                    }
                }
            }
        },
        {
            "type": "Microsoft.Compute/virtualMachines",
            "apiVersion": "2019-03-01",
            "name": "[parameters('virtualMachines_vwan_2_name')]",
            "location": "westeurope",
            "dependsOn": [
                "[resourceId('Microsoft.Network/networkInterfaces', parameters('networkInterfaces_vwan_2403_name'))]",
                "[resourceId('Microsoft.Storage/StorageAccounts', parameters('storageAccounts_demovwanrgdiag_name'))]"
            ],
            "properties": {
                "hardwareProfile": {
                    "vmSize": "Standard_D4s_v3"
                },
                "storageProfile": {
                    "imageReference": {
                        "publisher": "MicrosoftWindowsServer",
                        "offer": "WindowsServer",
                        "sku": "2016-Datacenter",
                        "version": "latest"
                    },
                    "osDisk": {
                        "osType": "Windows",
                        "name": "[concat(parameters('virtualMachines_vwan_2_name'), '_OsDisk_1_1279d5e3fd534e0fa777fb2a52f3ef59')]",
                        "createOption": "FromImage",
                        "caching": "ReadWrite",
                        "managedDisk": {
                            "id": "[resourceId('Microsoft.Compute/disks', concat(parameters('virtualMachines_vwan_2_name'), '_OsDisk_1_1279d5e3fd534e0fa777fb2a52f3ef59'))]"
                        }
                    },
                    "dataDisks": []
                },
                "osProfile": {
                    "computerName": "[parameters('virtualMachines_vwan_2_name')]",
                    "adminUsername": "marc",
                    "windowsConfiguration": {
                        "provisionVMAgent": true,
                        "enableAutomaticUpdates": true
                    },
                    "secrets": [],
                    "allowExtensionOperations": true
                },
                "networkProfile": {
                    "networkInterfaces": [
                        {
                            "id": "[resourceId('Microsoft.Network/networkInterfaces', parameters('networkInterfaces_vwan_2403_name'))]"
                        }
                    ]
                },
                "diagnosticsProfile": {
                    "bootDiagnostics": {
                        "enabled": true,
                        "storageUri": "[concat('https://', parameters('storageAccounts_demovwanrgdiag_name'), '.blob.core.windows.net/')]"
                    }
                }
            }
        },
        {
            "type": "Microsoft.Compute/virtualMachines",
            "apiVersion": "2019-03-01",
            "name": "[parameters('virtualMachines_vwan_3_name')]",
            "location": "westeurope",
            "dependsOn": [
                "[resourceId('Microsoft.Network/networkInterfaces', parameters('networkInterfaces_vwan_32_name'))]",
                "[resourceId('Microsoft.Storage/StorageAccounts', parameters('storageAccounts_demovwanrgdiag_name'))]"
            ],
            "properties": {
                "hardwareProfile": {
                    "vmSize": "Standard_D4s_v3"
                },
                "storageProfile": {
                    "imageReference": {
                        "publisher": "MicrosoftWindowsServer",
                        "offer": "WindowsServer",
                        "sku": "2016-Datacenter",
                        "version": "latest"
                    },
                    "osDisk": {
                        "osType": "Windows",
                        "name": "[concat(parameters('virtualMachines_vwan_3_name'), '_OsDisk_1_9759170f2cfa4ce2b5e315d8952c6829')]",
                        "createOption": "FromImage",
                        "caching": "ReadWrite",
                        "managedDisk": {
                            "id": "[resourceId('Microsoft.Compute/disks', concat(parameters('virtualMachines_vwan_3_name'), '_OsDisk_1_9759170f2cfa4ce2b5e315d8952c6829'))]"
                        }
                    },
                    "dataDisks": []
                },
                "osProfile": {
                    "computerName": "[parameters('virtualMachines_vwan_3_name')]",
                    "adminUsername": "marc",
                    "windowsConfiguration": {
                        "provisionVMAgent": true,
                        "enableAutomaticUpdates": true
                    },
                    "secrets": [],
                    "allowExtensionOperations": true
                },
                "networkProfile": {
                    "networkInterfaces": [
                        {
                            "id": "[resourceId('Microsoft.Network/networkInterfaces', parameters('networkInterfaces_vwan_32_name'))]"
                        }
                    ]
                },
                "diagnosticsProfile": {
                    "bootDiagnostics": {
                        "enabled": true,
                        "storageUri": "[concat('https://', parameters('storageAccounts_demovwanrgdiag_name'), '.blob.core.windows.net/')]"
                    }
                }
            }
        },
        {
            "type": "Microsoft.Compute/virtualMachines",
            "apiVersion": "2019-03-01",
            "name": "[parameters('virtualMachines_vwan_4_name')]",
            "location": "eastus",
            "dependsOn": [
                "[resourceId('Microsoft.Network/networkInterfaces', parameters('networkInterfaces_vwan_4459_name'))]",
                "[resourceId('Microsoft.Storage/StorageAccounts', parameters('storageAccounts_demovwanrgdiag286_name'))]"
            ],
            "properties": {
                "hardwareProfile": {
                    "vmSize": "Standard_D4s_v3"
                },
                "storageProfile": {
                    "imageReference": {
                        "publisher": "MicrosoftWindowsServer",
                        "offer": "WindowsServer",
                        "sku": "2016-Datacenter",
                        "version": "latest"
                    },
                    "osDisk": {
                        "osType": "Windows",
                        "name": "[concat(parameters('virtualMachines_vwan_4_name'), '_OsDisk_1_2f05db6caac84e7bad6f4c5c38bb59f6')]",
                        "createOption": "FromImage",
                        "caching": "ReadWrite",
                        "managedDisk": {
                            "id": "[resourceId('Microsoft.Compute/disks', concat(parameters('virtualMachines_vwan_4_name'), '_OsDisk_1_2f05db6caac84e7bad6f4c5c38bb59f6'))]"
                        }
                    },
                    "dataDisks": []
                },
                "osProfile": {
                    "computerName": "[parameters('virtualMachines_vwan_4_name')]",
                    "adminUsername": "marc",
                    "windowsConfiguration": {
                        "provisionVMAgent": true,
                        "enableAutomaticUpdates": true
                    },
                    "secrets": [],
                    "allowExtensionOperations": true
                },
                "networkProfile": {
                    "networkInterfaces": [
                        {
                            "id": "[resourceId('Microsoft.Network/networkInterfaces', parameters('networkInterfaces_vwan_4459_name'))]"
                        }
                    ]
                },
                "diagnosticsProfile": {
                    "bootDiagnostics": {
                        "enabled": true,
                        "storageUri": "[concat('https://', parameters('storageAccounts_demovwanrgdiag286_name'), '.blob.core.windows.net/')]"
                    }
                }
            }
        },
        {
            "type": "Microsoft.Network/networkInterfaces",
            "apiVersion": "2019-09-01",
            "name": "[parameters('networkInterfaces_onprem601_name')]",
            "location": "northeurope",
            "dependsOn": [
                "[resourceId('Microsoft.Network/publicIPAddresses', parameters('publicIPAddresses_onprem_vm_pubip_name'))]",
                "[resourceId('Microsoft.Network/networkSecurityGroups', parameters('networkSecurityGroups_onprem_nsg_name'))]"
            ],
            "properties": {
                "ipConfigurations": [
                    {
                        "name": "ipconfig1",
                        "properties": {
                            "privateIPAddress": "10.0.1.4",
                            "privateIPAllocationMethod": "Dynamic",
                            "publicIPAddress": {
                                "id": "[resourceId('Microsoft.Network/publicIPAddresses', parameters('publicIPAddresses_onprem_vm_pubip_name'))]"
                            },
                            "subnet": {
                                "id": "[concat(parameters('virtualNetworks_onprem_externalid'), '/subnets/default')]"
                            },
                            "primary": true,
                            "privateIPAddressVersion": "IPv4"
                        }
                    }
                ],
                "dnsSettings": {
                    "dnsServers": []
                },
                "enableAcceleratedNetworking": false,
                "enableIPForwarding": false,
                "networkSecurityGroup": {
                    "id": "[resourceId('Microsoft.Network/networkSecurityGroups', parameters('networkSecurityGroups_onprem_nsg_name'))]"
                }
            }
        },
        {
            "type": "Microsoft.Network/networkInterfaces",
            "apiVersion": "2019-09-01",
            "name": "[parameters('networkInterfaces_vwan_1832_name')]",
            "location": "westeurope",
            "dependsOn": [
                "[resourceId('Microsoft.Network/virtualNetworks/subnets', parameters('virtualNetworks_spoke_1_name'), 'subnet1')]",
                "[resourceId('Microsoft.Network/networkSecurityGroups', parameters('networkSecurityGroups_vwan_1_nsg_name'))]"
            ],
            "properties": {
                "ipConfigurations": [
                    {
                        "name": "ipconfig1",
                        "properties": {
                            "privateIPAddress": "172.16.1.4",
                            "privateIPAllocationMethod": "Static",
                            "subnet": {
                                "id": "[resourceId('Microsoft.Network/virtualNetworks/subnets', parameters('virtualNetworks_spoke_1_name'), 'subnet1')]"
                            },
                            "primary": true,
                            "privateIPAddressVersion": "IPv4"
                        }
                    }
                ],
                "dnsSettings": {
                    "dnsServers": []
                },
                "enableAcceleratedNetworking": false,
                "enableIPForwarding": false,
                "networkSecurityGroup": {
                    "id": "[resourceId('Microsoft.Network/networkSecurityGroups', parameters('networkSecurityGroups_vwan_1_nsg_name'))]"
                }
            }
        },
        {
            "type": "Microsoft.Network/networkInterfaces",
            "apiVersion": "2019-09-01",
            "name": "[parameters('networkInterfaces_vwan_2403_name')]",
            "location": "westeurope",
            "dependsOn": [
                "[resourceId('Microsoft.Network/virtualNetworks/subnets', parameters('virtualNetworks_spoke_2_name'), 'subnet1')]",
                "[resourceId('Microsoft.Network/networkSecurityGroups', parameters('networkSecurityGroups_vwan_2_nsg_name'))]"
            ],
            "properties": {
                "ipConfigurations": [
                    {
                        "name": "ipconfig1",
                        "properties": {
                            "privateIPAddress": "172.16.2.4",
                            "privateIPAllocationMethod": "Static",
                            "subnet": {
                                "id": "[resourceId('Microsoft.Network/virtualNetworks/subnets', parameters('virtualNetworks_spoke_2_name'), 'subnet1')]"
                            },
                            "primary": true,
                            "privateIPAddressVersion": "IPv4"
                        }
                    }
                ],
                "dnsSettings": {
                    "dnsServers": []
                },
                "enableAcceleratedNetworking": false,
                "enableIPForwarding": false,
                "networkSecurityGroup": {
                    "id": "[resourceId('Microsoft.Network/networkSecurityGroups', parameters('networkSecurityGroups_vwan_2_nsg_name'))]"
                }
            }
        },
        {
            "type": "Microsoft.Network/networkInterfaces",
            "apiVersion": "2019-09-01",
            "name": "[parameters('networkInterfaces_vwan_32_name')]",
            "location": "westeurope",
            "dependsOn": [
                "[resourceId('Microsoft.Network/virtualNetworks/subnets', parameters('virtualNetworks_spoke_3_name'), 'subnet1')]",
                "[resourceId('Microsoft.Network/networkSecurityGroups', parameters('networkSecurityGroups_vwan_3_nsg_name'))]"
            ],
            "properties": {
                "ipConfigurations": [
                    {
                        "name": "ipconfig1",
                        "properties": {
                            "privateIPAddress": "172.16.3.4",
                            "privateIPAllocationMethod": "Static",
                            "subnet": {
                                "id": "[resourceId('Microsoft.Network/virtualNetworks/subnets', parameters('virtualNetworks_spoke_3_name'), 'subnet1')]"
                            },
                            "primary": true,
                            "privateIPAddressVersion": "IPv4"
                        }
                    }
                ],
                "dnsSettings": {
                    "dnsServers": []
                },
                "enableAcceleratedNetworking": false,
                "enableIPForwarding": false,
                "networkSecurityGroup": {
                    "id": "[resourceId('Microsoft.Network/networkSecurityGroups', parameters('networkSecurityGroups_vwan_3_nsg_name'))]"
                }
            }
        },
        {
            "type": "Microsoft.Network/networkInterfaces",
            "apiVersion": "2019-09-01",
            "name": "[parameters('networkInterfaces_vwan_4459_name')]",
            "location": "eastus",
            "dependsOn": [
                "[resourceId('Microsoft.Network/virtualNetworks/subnets', parameters('virtualNetworks_spoke_4_name'), 'default')]",
                "[resourceId('Microsoft.Network/networkSecurityGroups', parameters('networkSecurityGroups_vwan_4_nsg_name'))]"
            ],
            "properties": {
                "ipConfigurations": [
                    {
                        "name": "ipconfig1",
                        "properties": {
                            "privateIPAddress": "172.16.4.4",
                            "privateIPAllocationMethod": "Dynamic",
                            "subnet": {
                                "id": "[resourceId('Microsoft.Network/virtualNetworks/subnets', parameters('virtualNetworks_spoke_4_name'), 'default')]"
                            },
                            "primary": true,
                            "privateIPAddressVersion": "IPv4"
                        }
                    }
                ],
                "dnsSettings": {
                    "dnsServers": []
                },
                "enableAcceleratedNetworking": true,
                "enableIPForwarding": false,
                "networkSecurityGroup": {
                    "id": "[resourceId('Microsoft.Network/networkSecurityGroups', parameters('networkSecurityGroups_vwan_4_nsg_name'))]"
                }
            }
        },
        {
            "type": "Microsoft.Network/vpnGateways",
            "apiVersion": "2019-09-01",
            "name": "[parameters('vpnGateways_b2ff95c0bd0e4332ad91d5da9160aca8_westeurope_gw_name')]",
            "location": "westeurope",
            "dependsOn": [
                "[resourceId('Microsoft.Network/vpnSites', parameters('vpnSites_Onprem_1_name'))]",
                "[resourceId('Microsoft.Network/virtualHubs', parameters('virtualHubs_Demo_WE_Hub_name'))]"
            ],
            "properties": {
                "connections": [
                    {
                        "name": "Connection-Onprem-1",
                        "properties": {
                            "remoteVpnSite": {
                                "id": "[resourceId('Microsoft.Network/vpnSites', parameters('vpnSites_Onprem_1_name'))]"
                            },
                            "enableInternetSecurity": false,
                            "vpnLinkConnections": [
                                {
                                    "name": "Onprem-gwConnection",
                                    "properties": {
                                        "vpnSiteLink": {
                                            "id": "[concat(resourceId('Microsoft.Network/vpnSites', parameters('vpnSites_Onprem_1_name')), '/vpnSiteLinks/Onprem-gw')]"
                                        },
                                        "connectionBandwidth": 10,
                                        "ipsecPolicies": [],
                                        "vpnConnectionProtocolType": "IKEv2",
                                        "enableBgp": false,
                                        "enableRateLimiting": false,
                                        "useLocalAzureIpAddress": false,
                                        "usePolicyBasedTrafficSelectors": false,
                                        "routingWeight": 0
                                    }
                                }
                            ]
                        }
                    }
                ],
                "virtualHub": {
                    "id": "[resourceId('Microsoft.Network/virtualHubs', parameters('virtualHubs_Demo_WE_Hub_name'))]"
                },
                "bgpSettings": {
                    "asn": 65515,
                    "peerWeight": 0
                },
                "vpnGatewayScaleUnit": 1
            }
        },
        {
            "type": "Microsoft.Network/vpnGateways/vpnConnections",
            "apiVersion": "2019-09-01",
            "name": "[concat(parameters('vpnGateways_b2ff95c0bd0e4332ad91d5da9160aca8_westeurope_gw_name'), '/Connection-Onprem-1')]",
            "dependsOn": [
                "[resourceId('Microsoft.Network/vpnGateways', parameters('vpnGateways_b2ff95c0bd0e4332ad91d5da9160aca8_westeurope_gw_name'))]",
                "[resourceId('Microsoft.Network/vpnSites', parameters('vpnSites_Onprem_1_name'))]"
            ],
            "properties": {
                "remoteVpnSite": {
                    "id": "[resourceId('Microsoft.Network/vpnSites', parameters('vpnSites_Onprem_1_name'))]"
                },
                "enableInternetSecurity": false,
                "vpnLinkConnections": [
                    {
                        "name": "Onprem-gwConnection",
                        "properties": {
                            "vpnSiteLink": {
                                "id": "[concat(resourceId('Microsoft.Network/vpnSites', parameters('vpnSites_Onprem_1_name')), '/vpnSiteLinks/Onprem-gw')]"
                            },
                            "connectionBandwidth": 10,
                            "ipsecPolicies": [],
                            "vpnConnectionProtocolType": "IKEv2",
                            "enableBgp": false,
                            "enableRateLimiting": false,
                            "useLocalAzureIpAddress": false,
                            "usePolicyBasedTrafficSelectors": false,
                            "routingWeight": 0
                        }
                    }
                ]
            }
        },
        {
            "type": "Microsoft.Storage/storageAccounts/blobServices/containers",
            "apiVersion": "2019-04-01",
            "name": "[concat(parameters('storageAccounts_demovwanrgdiag277_name'), '/default/bootdiagnostics-onprem-ed7c0323-79c8-421e-81ee-3faa4c4ed02d')]",
            "dependsOn": [
                "[resourceId('Microsoft.Storage/storageAccounts/blobServices', parameters('storageAccounts_demovwanrgdiag277_name'), 'default')]",
                "[resourceId('Microsoft.Storage/storageAccounts', parameters('storageAccounts_demovwanrgdiag277_name'))]"
            ],
            "properties": {
                "publicAccess": "None"
            }
        },
        {
            "type": "Microsoft.Storage/storageAccounts/blobServices/containers",
            "apiVersion": "2019-04-01",
            "name": "[concat(parameters('storageAccounts_demovwanrgdiag_name'), '/default/bootdiagnostics-vwan1-67ab440d-5eb6-4a65-ba1a-5a64d101661d')]",
            "dependsOn": [
                "[resourceId('Microsoft.Storage/storageAccounts/blobServices', parameters('storageAccounts_demovwanrgdiag_name'), 'default')]",
                "[resourceId('Microsoft.Storage/storageAccounts', parameters('storageAccounts_demovwanrgdiag_name'))]"
            ],
            "properties": {
                "publicAccess": "None"
            }
        },
        {
            "type": "Microsoft.Storage/storageAccounts/blobServices/containers",
            "apiVersion": "2019-04-01",
            "name": "[concat(parameters('storageAccounts_demovwanrgdiag_name'), '/default/bootdiagnostics-vwan2-87e7e2fb-ffb2-469f-b026-cf4d6ea08cde')]",
            "dependsOn": [
                "[resourceId('Microsoft.Storage/storageAccounts/blobServices', parameters('storageAccounts_demovwanrgdiag_name'), 'default')]",
                "[resourceId('Microsoft.Storage/storageAccounts', parameters('storageAccounts_demovwanrgdiag_name'))]"
            ],
            "properties": {
                "publicAccess": "None"
            }
        },
        {
            "type": "Microsoft.Storage/storageAccounts/blobServices/containers",
            "apiVersion": "2019-04-01",
            "name": "[concat(parameters('storageAccounts_demovwanrgdiag_name'), '/default/bootdiagnostics-vwan3-fce0f0c5-0d37-4ff1-baca-926ff5673ed6')]",
            "dependsOn": [
                "[resourceId('Microsoft.Storage/storageAccounts/blobServices', parameters('storageAccounts_demovwanrgdiag_name'), 'default')]",
                "[resourceId('Microsoft.Storage/storageAccounts', parameters('storageAccounts_demovwanrgdiag_name'))]"
            ],
            "properties": {
                "publicAccess": "None"
            }
        },
        {
            "type": "Microsoft.Storage/storageAccounts/blobServices/containers",
            "apiVersion": "2019-04-01",
            "name": "[concat(parameters('storageAccounts_demovwanrgdiag286_name'), '/default/bootdiagnostics-vwan4-8a1b0bce-1b65-41d6-a887-1a7737dbccde')]",
            "dependsOn": [
                "[resourceId('Microsoft.Storage/storageAccounts/blobServices', parameters('storageAccounts_demovwanrgdiag286_name'), 'default')]",
                "[resourceId('Microsoft.Storage/storageAccounts', parameters('storageAccounts_demovwanrgdiag286_name'))]"
            ],
            "properties": {
                "publicAccess": "None"
            }
        },
        {
            "type": "Microsoft.Storage/storageAccounts/blobServices/containers",
            "apiVersion": "2019-04-01",
            "name": "[concat(parameters('storageAccounts_demovwanrgdiag286_name'), '/default/bootdiagnostics-vwan4-baddf07f-c5b5-4623-9206-c3f2720407b3')]",
            "dependsOn": [
                "[resourceId('Microsoft.Storage/storageAccounts/blobServices', parameters('storageAccounts_demovwanrgdiag286_name'), 'default')]",
                "[resourceId('Microsoft.Storage/storageAccounts', parameters('storageAccounts_demovwanrgdiag286_name'))]"
            ],
            "properties": {
                "publicAccess": "None"
            }
        },
        {
            "type": "Microsoft.Storage/storageAccounts/blobServices/containers",
            "apiVersion": "2019-04-01",
            "name": "[concat(parameters('storageAccounts_demonsglogsuseast_name'), '/default/insights-logs-networksecuritygroupflowevent')]",
            "dependsOn": [
                "[resourceId('Microsoft.Storage/storageAccounts/blobServices', parameters('storageAccounts_demonsglogsuseast_name'), 'default')]",
                "[resourceId('Microsoft.Storage/storageAccounts', parameters('storageAccounts_demonsglogsuseast_name'))]"
            ],
            "properties": {
                "publicAccess": "None"
            }
        },
        {
            "type": "Microsoft.Storage/storageAccounts/blobServices/containers",
            "apiVersion": "2019-04-01",
            "name": "[concat(parameters('storageAccounts_demovwanrgdiag_name'), '/default/insights-logs-networksecuritygroupflowevent')]",
            "dependsOn": [
                "[resourceId('Microsoft.Storage/storageAccounts/blobServices', parameters('storageAccounts_demovwanrgdiag_name'), 'default')]",
                "[resourceId('Microsoft.Storage/storageAccounts', parameters('storageAccounts_demovwanrgdiag_name'))]"
            ],
            "properties": {
                "publicAccess": "None"
            }
        },
        {
            "type": "Microsoft.Storage/storageAccounts/blobServices/containers",
            "apiVersion": "2019-04-01",
            "name": "[concat(parameters('storageAccounts_demovwanrgdiag286_name'), '/default/insights-logs-networksecuritygroupflowevent')]",
            "dependsOn": [
                "[resourceId('Microsoft.Storage/storageAccounts/blobServices', parameters('storageAccounts_demovwanrgdiag286_name'), 'default')]",
                "[resourceId('Microsoft.Storage/storageAccounts', parameters('storageAccounts_demovwanrgdiag286_name'))]"
            ],
            "properties": {
                "publicAccess": "None"
            }
        },
        {
            "type": "Microsoft.Network/virtualHubs",
            "apiVersion": "2019-09-01",
            "name": "[parameters('virtualHubs_Demo_WE_Hub_name')]",
            "location": "westeurope",
            "dependsOn": [
                "[resourceId('Microsoft.Network/virtualNetworks', parameters('virtualNetworks_spoke_1_name'))]",
                "[resourceId('Microsoft.Network/virtualNetworks', parameters('virtualNetworks_spoke_2_name'))]",
                "[resourceId('Microsoft.Network/virtualNetworks', parameters('virtualNetworks_spoke_3_name'))]",
                "[resourceId('Microsoft.Network/virtualNetworks', parameters('virtualNetworks_spoke_4_name'))]",
                "[resourceId('Microsoft.Network/virtualWans', parameters('virtualWans_Demo_vWAN_name'))]",
                "[resourceId('Microsoft.Network/vpnGateways', parameters('vpnGateways_b2ff95c0bd0e4332ad91d5da9160aca8_westeurope_gw_name'))]"
            ],
            "properties": {
                "virtualNetworkConnections": [
                    {
                        "name": "hub-spoke1",
                        "properties": {
                            "remoteVirtualNetwork": {
                                "id": "[resourceId('Microsoft.Network/virtualNetworks', parameters('virtualNetworks_spoke_1_name'))]"
                            },
                            "allowHubToRemoteVnetTransit": true,
                            "allowRemoteVnetToUseHubVnetGateways": true,
                            "enableInternetSecurity": true
                        }
                    },
                    {
                        "name": "hub-spoke2",
                        "properties": {
                            "remoteVirtualNetwork": {
                                "id": "[resourceId('Microsoft.Network/virtualNetworks', parameters('virtualNetworks_spoke_2_name'))]"
                            },
                            "allowHubToRemoteVnetTransit": true,
                            "allowRemoteVnetToUseHubVnetGateways": true,
                            "enableInternetSecurity": true
                        }
                    },
                    {
                        "name": "hub-spoke3",
                        "properties": {
                            "remoteVirtualNetwork": {
                                "id": "[resourceId('Microsoft.Network/virtualNetworks', parameters('virtualNetworks_spoke_3_name'))]"
                            },
                            "allowHubToRemoteVnetTransit": true,
                            "allowRemoteVnetToUseHubVnetGateways": true,
                            "enableInternetSecurity": true
                        }
                    },
                    {
                        "name": "spoke-4",
                        "properties": {
                            "remoteVirtualNetwork": {
                                "id": "[resourceId('Microsoft.Network/virtualNetworks', parameters('virtualNetworks_spoke_4_name'))]"
                            },
                            "allowHubToRemoteVnetTransit": true,
                            "allowRemoteVnetToUseHubVnetGateways": true,
                            "enableInternetSecurity": true
                        }
                    }
                ],
                "virtualHubRouteTableV2s": [],
                "addressPrefix": "192.168.0.0/24",
                "routeTable": {
                    "routes": []
                },
                "virtualWan": {
                    "id": "[resourceId('Microsoft.Network/virtualWans', parameters('virtualWans_Demo_vWAN_name'))]"
                },
                "vpnGateway": {
                    "id": "[resourceId('Microsoft.Network/vpnGateways', parameters('vpnGateways_b2ff95c0bd0e4332ad91d5da9160aca8_westeurope_gw_name'))]"
                }
            }
        }
    ]
}